{
    "rmse": 0.7486464189084281,
    "mae": 0.6195868667799814,
    "r2": 0.023924257899829104
}