{
    "rmse": 0.7401853653086091,
    "mae": 0.6071412354145944,
    "r2": 0.04586241259639123
}